text,
MBA in één dag,
Internet Business Mastery,
Kies Eieren voor je Tijd,
Green2Great,
Meervoudige Inkomensbronnen,
Succes Door Eigen Creatie,
Meer Verdienen Minder Werken,
In 7 stappen floreren als ondernemer,
Business Bootcamp,
Speed Reading,
Elements of Success,
Millionaire Mind Intensive,
Winst met Webinars,
Webinar Genesis,
Meester in SEO,
Fizzle,
Geest als Water,
Codecademy,
Mac Superhelden,
iOS Superhelden,
Passive Income 101,
Strategie met Ballen,
Getting Things Done,
GoodHabitz,
Internet Marketing Masterclass,